BB2_75_drum_loop_skatepark_drop.wav,drum_loop_skatepark_drop.wav
BB2_75_lofi_melodic_ascending_Em.wav,lofi_melodic_ascending_em.wav
BBL_75_drum_loop_alcoholic.wav,drum_loop_alcoholic.wav
BBL_75_drum_loop_coffeebreak.wav,drum_loop_coffeebreak.wav
BBL_75_drum_loop_dust_bugs.wav,drum_loop_dust_bugs.wav
BBL_75_drum_loop_flare_shuffler.wav,drum_loop_flare_shuffler.wav
BBL_75_drum_loop_minimal_hop.wav,drum_loop_minimal_hop.wav
BBL_75_drum_loop_restored_retro.wav,drum_loop_restored_retro.wav
BBL_75_drum_loop_rugert.wav,drum_loop_rugert.wav
BBL_75_drum_loop_wistful_wednesday.wav,drum_loop_wistful_wednesday.wav
BBL_75_lofi_keys_enter_paradise_C.wav,lofi_keys_enter_paradise_c.wav
BBL_75_lofi_keys_maeves_revenge_Dm.wav,lofi_keys_maeves_revenge_dm.wav
BBL_75_lofi_keys_peaceful_Fm.wav,lofi_keys_peaceful_fm.wav
BBL_75_lofi_keys_snowden_snowedin_Am.wav,lofi_keys_snowden_snowedin_am.wav
BBL_75_lofi_keys_stranger_strains_Dm.wav,lofi_keys_stranger_strains_dm.wav
BBL_75_lofi_keys_street_creeper_Em.wav,lofi_keys_street_creeper_em.wav
BBL_75_lofi_keys_time_warp_afriend_C.wav,lofi_keys_time_warp_afriend_c.wav
BBL_75_lofi_piano_across_the_river_Dm.wav,lofi_piano_across_the_river_dm.wav
BBL_75_lofi_piano_please_stay_Fm.wav,lofi_piano_please_stay_fm.wav
LBN_75_hihat_loop_landed_on_foreign_planets_Am.wav,hihat_loop_landed_on_foreign_planets_am.wav
